t,acc_gal
0,-20.541
0.02,-10.198
0.04,12.48
0.06,0.831
0.08,-11.385
0.1,2.348
0.12,0.772
0.14,-2.575
0.16,-2.715
0.18,-1.435
0.2,-3.404
0.22,-9.306
0.24,10.711
0.26,0.109
0.28,-8.977
0.3,-0.495
0.32,10.054
0.34,-6.537
0.36,-10.167
0.38,2.486
0.4,4.442
0.42,3.554
0.44,0.283
0.46,1.666
0.48,-7.948
0.5,10.21
0.52,21.702
0.54,14.108
0.56,-10.063
0.58,-23.459
0.6,-6.739
0.62,4.025
0.64,16.853
0.66,11.604
0.68,-12.744
0.7,-4.642
0.72,7.074
0.74,6.683
0.76,-5.426
0.78,-3.598
0.8,3.896
0.82,-17.755
0.84,-33.425
0.86,-6.764
0.88,5.206
0.9,-0.322
0.92,3.644
0.94,-0.816
0.96,-13.996
0.98,6.224
1,16.627
1.02,-17.072
1.04,-4.124
1.06,22.965
1.08,-23.256
1.1,-33.035
1.12,36.794
1.14,16.307
1.16,-7.979
1.18,-34.729
1.2,18.142
1.22,43.163
1.24,3.443
1.26,-1.367
1.28,-24.944
1.3,48.668
1.32,55.759
1.34,57.189
1.36,-77.797
1.38,-40.833
1.4,48.452
1.42,12.797
1.44,-42.717
1.46,-46.59
1.48,-16.011
1.5,-24.842
1.52,50.769
1.54,28.59
1.56,54.568
1.58,-25.417
1.6,0.388
1.62,54.98
1.64,-11.404
1.66,0.974
1.68,-19.514
1.7,41.063
1.72,-75.981
1.74,-81.811
1.76,13.249
1.78,-3.671
1.8,13.327
1.82,51.187
1.84,52.621
1.86,-93.839
1.88,21.789
1.9,76.191
1.92,-24.599
1.94,-39.987
1.96,-56.709
1.98,49.369
2,-6.047
2.02,-52.891
2.04,-58.095
2.06,-17.234
2.08,18.536
2.1,32.07
2.12,-45.938
2.14,-98.418
2.16,52.976
2.18,79.171
2.2,10.551
2.22,-72.872
2.24,26.441
2.26,20.95
2.28,-42.004
2.3,-46.196
2.32,-6.165
2.34,-6.405
2.36,-15.501
2.38,2.655
2.4,10.615
2.42,-20.636
2.44,40.807
2.46,2.652
2.48,25.542
2.5,44.619
2.52,21.257
2.54,27.535
2.56,2.073
2.58,-32.275
2.6,-85.82
2.62,19.915
2.64,-41.081
2.66,18.396
2.68,-34.052
2.7,-53.909
2.72,70.904
2.74,137.99
2.76,141.025
2.78,79.366
2.8,131.877
2.82,155.654
2.84,106.562
2.86,88.843
2.88,133.118
2.9,115.534
2.92,90.753
2.94,31.431
2.96,-47.925
2.98,15.926
3,-8.031
3.02,34.784
3.04,78.089
3.06,59.949
3.08,81.344
3.1,84.812
3.12,57.455
3.14,6.827
3.16,-16.773
3.18,-54.346
3.2,-93.916
3.22,-188.135
3.24,-227.978
3.26,-240.584
3.28,-211.807
3.3,-164.723
3.32,-153.968
3.34,-34.798
3.36,275.312
3.38,287.192
3.4,66.531
3.42,-97.352
3.44,-115.698
3.46,-172.59
3.48,-62.8
3.5,125.706
3.52,106.079
3.54,138.811
3.56,36.936
3.58,-109.272
3.6,-142.593
3.62,-197.691
3.64,-230.107
3.66,-261.659
3.68,-273.847
3.7,-243.308
3.72,-283.523
3.74,-319.74
3.76,-218.955
3.78,59.777
3.8,159.96
3.82,150.813
3.84,212.954
3.86,256.287
3.88,309.911
3.9,403.904
3.92,433.616
3.94,364.528
3.96,251.066
3.98,87.933
4,-3.161
4.02,-71.731
4.04,-139.369
4.06,-250.686
4.08,-334.727
4.1,-343.401
4.12,-369.77
4.14,-410.389
4.16,-393.075
4.18,-310.066
4.2,140.415
4.22,426.023
4.24,351.683
4.26,410.435
4.28,431.475
4.3,409.552
4.32,348.095
4.34,248.902
4.36,24.89
4.38,-58.249
4.4,-54.419
4.42,-118.029
4.44,-199.094
4.46,-272.473
4.48,-307.798
4.5,-214.954
4.52,-129.3
4.54,-92.991
4.56,-13.671
4.58,43.241
4.6,16.921
4.62,-12.887
4.64,86.183
4.66,210.787
4.68,164.1
4.7,47.708
4.72,4.483
4.74,-52.298
4.76,-47.482
4.78,-107.504
4.8,-139.832
4.82,-147.419
4.84,-17.847
4.86,90.946
4.88,-102.722
4.9,-55.582
4.92,15.532
4.94,-38.671
4.96,-77.104
4.98,-128.505
5,-143.727
5.02,-124.578
5.04,-61.856
5.06,72.186
5.08,206.442
5.1,134.976
5.12,77.115
5.14,56.406
5.16,14.984
5.18,-70.175
5.2,-82.294
5.22,4.962
5.24,-39.639
5.26,-105.335
5.28,21.519
5.3,150.563
5.32,64.931
5.34,-18.7
5.36,1.326
5.38,45.618
5.4,128.889
5.42,128.166
5.44,86.495
5.46,43.628
5.48,-10.479
5.5,23.678
5.52,-4.13
5.54,-70.44
5.56,-42.321
5.58,-56.344
5.6,-105.874
5.62,-29.117
5.64,29.394
5.66,34.239
5.68,68.307
5.7,71.108
5.72,49.634
5.74,64.343
5.76,79.095
5.78,73.303
5.8,72.188
5.82,47.766
5.84,-28.866
5.86,-85.296
5.88,-90.399
5.9,-29.297
5.92,3.372
5.94,8.364
5.96,24.343
5.98,8.309
6,9.642
6.02,17.844
6.04,58.382
6.06,41.244
6.08,-12.453
6.1,-28.796
6.12,-2.382
6.14,19.739
6.16,-24.986
6.18,-34.591
6.2,0.12
6.22,-21.921
6.24,-53.077
6.26,-25.284
6.28,-26.614
6.3,-43.365
6.32,-54.19
6.34,-77.804
6.36,-55.751
6.38,-41.995
6.4,-58.118
6.42,-16.573
6.44,5.815
6.46,2.447
6.48,37.389
6.5,91.477
6.52,109.727
6.54,103.37
6.56,53.091
6.58,16.788
6.6,25.104
6.62,1.607
6.64,-7.137
6.66,-3.071
6.68,-9.618
6.7,-2.107
6.72,-3.017
6.74,-2.727
6.76,-9.316
6.78,-7.824
6.8,10.465
6.82,33.245
6.84,29.147
6.86,33.149
6.88,57.802
6.9,21.4
6.92,-21.04
6.94,-25.981
6.96,-21.535
6.98,-45.203
7,-65.803
7.02,-50.555
7.04,-24.907
7.06,-34.327
7.08,-49.215
7.1,-32.209
7.12,-16.001
7.14,-17.595
7.16,-8.774
7.18,-4.629
7.2,-5.5
7.22,5.64
7.24,32.046
7.26,49.18
7.28,68.959
7.3,63.824
7.32,39.868
7.34,-6.852
7.36,-48.821
7.38,14.355
7.4,0.301
7.42,-60.216
7.44,-51.405
7.46,-40.634
7.48,-33.099
7.5,-33.109
7.52,-52.77
7.54,6.249
7.56,52.681
7.58,38.105
7.6,45.374
7.62,43.506
7.64,30.979
7.66,-5.597
7.68,-32.18
7.7,-12.17
7.72,16.198
7.74,-23.923
7.76,-46.588
7.78,-12.731
7.8,-3.918
7.82,-39.522
7.84,-54.72
7.86,-74.012
7.88,-98.124
7.9,-24.567
7.92,21.341
7.94,22.934
7.96,29.92
7.98,24.08
8,48.416
8.02,91.82
8.04,96.965
8.06,12.644
8.08,-23.63
8.1,-24.951
8.12,-45.868
8.14,-43.963
8.16,-35.006
8.18,-22.333
8.2,-31.043
8.22,19.112
8.24,37.177
8.26,-8.109
8.28,-6.95
8.3,29.716
8.32,54.977
8.34,34.751
8.36,14.803
8.38,10.725
8.4,4.075
8.42,5.988
8.44,-12.584
8.46,-23.728
8.48,9.181
8.5,35.974
8.52,12.03
8.54,-5.596
8.56,-15.646
8.58,-6.319
8.6,36.311
8.62,4.123
8.64,1.662
8.66,23.934
8.68,8.917
8.7,17.477
8.72,14.676
8.74,16.703
8.76,53.366
8.78,26.047
8.8,-27.872
8.82,-41.617
8.84,-19.325
8.86,23.192
8.88,20.728
8.9,11.87
8.92,6.136
8.94,24.705
8.96,27.508
8.98,28.872
9,18.809
9.02,-3.675
9.04,-7.662
9.06,-6.358
9.08,-19.233
9.1,-0.609
9.12,31.917
9.14,20.207
9.16,-10.441
9.18,-40.351
9.2,-30.915
9.22,-21.852
9.24,-4.225
9.26,-2.114
9.28,-10.462
9.3,8.452
9.32,35.621
9.34,27.9
9.36,-13.459
9.38,-33.736
9.4,-29.055
9.42,-13.466
9.44,-5.679
9.46,-8.54
9.48,3.453
9.5,8.947
9.52,-5.899
9.54,-3.865
9.56,2.605
9.58,5.435
9.6,-0.788
9.62,-18.026
9.64,-39.052
9.66,-39.266
9.68,-15.323
9.7,-5.798
9.72,-6.952
9.74,-11.684
9.76,-15.441
9.78,-4.09
9.8,-1.845
9.82,-10.917
9.84,29.791
9.86,67.742
9.88,37.969
9.9,17.202
9.92,-3.956
9.94,-2.11
9.96,2.588
9.98,-20.125
10,-28.887
10.02,-25.422
10.04,-1.01
10.06,13.69
10.08,24.321
10.1,24.648
10.12,5.318
10.14,-1.397
10.16,16.362
10.18,17.827
10.2,-19.64
10.22,-28.024
10.24,-12.44
10.26,-9.749
10.28,-5.514
10.3,0.731
10.32,5.473
10.34,15.099
10.36,3.786
10.38,3.782
10.4,5.451
10.42,0.33
10.44,34.363
10.46,32.043
10.48,11.974
10.5,23.998
10.52,24.852
10.54,-1.148
10.56,-24.205
10.58,-15.605
10.6,-10.342
10.62,-4.076
10.64,2.028
10.66,11.955
10.68,5.41
10.7,-18.139
10.72,-37.884
10.74,-48.084
10.76,-42.095
10.78,-33.028
10.8,-17.139
10.82,8.796
10.84,26.344
10.86,18.784
10.88,17.598
10.9,-12.875
10.92,-14.09
10.94,9.14
10.96,-5.387
10.98,-27.264
11,-51.928
11.02,-21.371
11.04,9.791
11.06,2.27
11.08,2.693
11.1,17.673
11.12,-2.677
11.14,-19.92
11.16,-16.737
11.18,-6.977
11.2,2.808
11.22,-5.55
11.24,15.176
11.26,21.051
11.28,16.837
11.3,7.959
11.32,18.91
11.34,24.263
11.36,9.569
11.38,14.554
11.4,-2.668
11.42,-3.018
11.44,19.001
11.46,15.831
11.48,6.985
11.5,-2.48
11.52,9.464
11.54,14.871
11.56,-11.017
11.58,-10.12
11.6,-8.186
11.62,-11.945
11.64,0.69
11.66,-0.002
11.68,5.272
11.7,13.238
11.72,8.638
11.74,21.231
11.76,33.512
11.78,31.484
11.8,13.595
11.82,-4.463
11.84,-15.402
11.86,-12.361
11.88,-5.905
11.9,-13.529
11.92,-11.303
11.94,-31.002
11.96,-37.046
11.98,1.881
12,12.077
12.02,-2.947
12.04,-3.868
12.06,24.531
12.08,9.763
12.1,-8.473
12.12,7.141
12.14,9.417
12.16,12.661
12.18,11.468
12.2,11.697
12.22,4.563
12.24,11.655
12.26,15.226
12.28,-18.867
12.3,-15.65
12.32,10.37
12.34,-17.298
12.36,-29.383
12.38,-18.091
12.4,-1.33
12.42,3.371
12.44,-7.687
12.46,-1.617
12.48,6.542
12.5,8.726
12.52,-9.362
12.54,-14.679
12.56,7.037
12.58,15.716
12.6,-0.862
12.62,-3.159
12.64,11.546
12.66,10.25
12.68,13.015
12.7,15.977
12.72,13.705
12.74,9.18
12.76,6.11
12.78,-1.276
12.8,5.957
12.82,-0.037
12.84,-26.731
12.86,-16.519
12.88,-12.433
12.9,-20.949
12.92,-12.462
12.94,8.31
12.96,0.474
12.98,-1.078
13,1.64
13.02,-5.218
13.04,-5.952
13.06,-20.951
13.08,-29.019
13.1,-0.278
13.12,14.907
13.14,-10.478
13.16,-31.186
13.18,-10.379
13.2,8.426
13.22,-4.579
13.24,-14.818
13.26,2.102
13.28,16.459
13.3,-24.372
13.32,-28.723
13.34,2.109
13.36,-7.299
13.38,-11.496
13.4,-9.926
13.42,-9.453
13.44,18.515
13.46,16.122
13.48,6.417
13.5,9.935
13.52,8.306
13.54,-1.716
13.56,-9.816
13.58,6.323
13.6,-0.57
13.62,-7.534
13.64,12.48
13.66,18.71
13.68,1.73
13.7,-8.881
13.72,-19.998
13.74,-27.848
13.76,-17.895
13.78,-8.657
13.8,2.119
13.82,-2.997
13.84,-3.243
13.86,1.081
13.88,7.131
13.9,13.204
13.92,17.033
13.94,17.123
13.96,9.689
13.98,4.682
14,10.181
14.02,21.89
14.04,28.986
14.06,25.395
14.08,11.944
14.1,-7.884
14.12,-13.998
14.14,-2.685
14.16,0.757
14.18,-7.454
14.2,-12.059
14.22,-15.66
14.24,-19.171
14.26,-8.852
14.28,2.541
14.3,14.111
14.32,21.433
14.34,22.455
14.36,17.394
14.38,17.912
14.4,12.863
14.42,-8.9
14.44,-12.829
14.46,9.652
14.48,10.1
14.5,-6.713
14.52,-25.305
14.54,-28.176
14.56,-6.545
14.58,-2.003
14.6,-12.439
14.62,-9.279
14.64,-3.558
14.66,5.796
14.68,10.222
14.7,7.871
14.72,11.12
14.74,5.056
14.76,11.128
14.78,6.6
14.8,-6.955
14.82,-5.598
14.84,-4.004
14.86,-9.845
14.88,-12.894
14.9,-12.323
14.92,-11.932
14.94,-12.108
14.96,-6.374
14.98,2.516
15,10.498
15.02,18.997
15.04,18.449
15.06,11.439
15.08,-2.552
15.1,-2.732
15.12,-5.215
15.14,-10.023
15.16,-10.434
15.18,-4.752
15.2,3.098
15.22,-1.713
15.24,-3.62
15.26,-8.512
15.28,1.469
15.3,4.148
15.32,-3.953
15.34,-3.37
15.36,-5.528
15.38,5.874
15.4,14.01
15.42,23.316
15.44,24.08
15.46,3.389
15.48,-1.518
15.5,4.87
15.52,-18.131
15.54,-29.02
15.56,-8.752
15.58,-0.496
15.6,-0.829
15.62,8.953
15.64,26.879
15.66,29.101
15.68,12.534
15.7,2.302
15.72,-0.18
15.74,-11.482
15.76,-11.047
15.78,-30.493
15.8,-17.598
15.82,17.276
15.84,6.636
15.86,6.737
15.88,12.856
15.9,20.554
15.92,19.384
15.94,2.058
15.96,-0.113
15.98,-4.585
16,-16.398
16.02,-10.864
16.04,-3.662
16.06,-7.402
16.08,-14.428
16.1,-6.249
16.12,3.377
16.14,-0.766
16.16,6.91
16.18,9.704
16.2,2.226
16.22,4.716
16.24,11.16
16.26,3.984
16.28,-2.583
16.3,-5.623
16.32,-6.294
16.34,3.401
16.36,-1.736
16.38,-13.299
16.4,-21.182
16.42,-9.236
16.44,6.756
16.46,4.358
16.48,5.746
16.5,17.363
16.52,10.147
16.54,6.991
16.56,-4.837
16.58,-13.656
16.6,-4.678
16.62,0.21
16.64,6.994
16.66,-9.65
16.68,-17.878
16.7,-19.274
16.72,-22.676
16.74,-7.185
16.76,4.317
16.78,7.054
16.8,9.323
16.82,10.841
16.84,8.773
16.86,4.464
16.88,12.477
16.9,15.976
16.92,9.453
16.94,-2.359
16.96,-8.876
16.98,-8.659
17,-1.376
17.02,0.955
17.04,-6.232
17.06,-18.375
17.08,-20.907
17.1,-5.529
17.12,12.112
17.14,13.909
17.16,-0.008
17.18,4.906
17.2,6.754
17.22,9.407
17.24,12.851
17.26,11.593
17.28,12.496
17.3,10.965
17.32,7.008
17.34,5.207
17.36,2.746
17.38,-15.259
17.4,-19.284
17.42,-7.952
17.44,-4.004
17.46,-6.243
17.48,-7.865
17.5,-9.536
17.52,-4.769
17.54,6.727
17.56,8.993
17.58,7.734
17.6,6.736
17.62,2.315
17.64,1.737
17.66,5.441
17.68,10.041
17.7,-4.609
17.72,-17.214
17.74,-4.122
17.76,-3.745
17.78,-4.378
17.8,-5.339
17.82,-9.77
17.84,-8.637
17.86,-8.854
17.88,8.612
17.9,18.323
17.92,3.399
17.94,-0.588
17.96,13.166
17.98,19.548
18,16.01
18.02,18.77
18.04,11.1
18.06,-13.565
18.08,-11.366
18.1,0.709
18.12,-1.593
18.14,-2.004
18.16,-0.91
18.18,8.956
18.2,3.381
18.22,-10.097
18.24,-10.118
18.26,-11.484
18.28,-13.051
18.3,-2.987
18.32,-0.832
18.34,-6.14
18.36,11.214
18.38,15.137
18.4,8.711
18.42,18.046
18.44,21.518
18.46,9.883
18.48,-3.75
18.5,-13.965
18.52,-7.818
18.54,8.118
18.56,-2.468
18.58,-9.292
18.6,-2.8
18.62,-1.155
18.64,-8.789
18.66,-7.914
18.68,7.998
18.7,2.527
18.72,-5.908
18.74,-10.814
18.76,-10.072
18.78,-10.577
18.8,-5.036
18.82,1.452
18.84,-3.371
18.86,9.2
18.88,17.667
18.9,10.733
18.92,-6.656
18.94,-4.616
18.96,4.813
18.98,1.591
19,-3.506
19.02,-7.485
19.04,-2.955
19.06,-3.307
19.08,-5.147
19.1,-3.934
19.12,-2.869
19.14,-0.535
19.16,4.292
19.18,9.314
19.2,7.728
19.22,7.825
19.24,5.021
19.26,2.462
19.28,2.561
19.3,-1.739
19.32,-3.02
19.34,-9.987
19.36,-12.512
19.38,-10.048
19.4,-5.043
19.42,-2.643
19.44,-3.229
19.46,-2.726
19.48,-6.993
19.5,-6.393
19.52,0.193
19.54,5.015
19.56,10.887
19.58,-1.097
19.6,-8.864
19.62,-13.531
19.64,-8.705
19.66,2.386
19.68,-1.151
19.7,-0.385
19.72,2.487
19.74,7.579
19.76,2.03
19.78,1.35
19.8,-2.192
19.82,-0.742
19.84,-0.288
19.86,-6.915
19.88,-5.863
19.9,-2.077
19.92,2.244
19.94,3.911
19.96,2.618
19.98,1.585
20,2.189
20.02,-0.497
20.04,-7.125
20.06,-10.488
20.08,-3.858
20.1,-5
20.12,-6.289
20.14,-4.128
20.16,-0.711
20.18,-3.068
20.2,4.639
20.22,13.386
20.24,7.312
20.26,3.061
20.28,0.749
20.3,-0.403
20.32,-0.233
20.34,3.348
20.36,10.116
20.38,18.406
20.4,16.102
20.42,9.509
20.44,1.508
20.46,-4.322
20.48,1.894
20.5,4.326
20.52,-3.524
20.54,-7.571
20.56,-3.051
20.58,1.246
20.6,1.175
20.62,3.939
20.64,8.626
20.66,9.629
20.68,6.589
20.7,6.443
20.72,9.533
20.74,9.966
20.76,7.763
20.78,3.283
20.8,0.016
20.82,-2.113
20.84,-8.803
20.86,-16.748
20.88,-10.7
20.9,-9.732
20.92,-14.7
20.94,-8.034
20.96,2.07
20.98,7.19
21,12.409
21.02,13.014
21.04,9.793
21.06,8.21
21.08,2.942
21.1,-1.433
21.12,-5.028
21.14,-6.283
21.16,-6.135
21.18,-9.216
21.2,-10.845
21.22,-12.296
21.24,-15.68
21.26,-12.315
21.28,-9.634
21.3,-1.412
21.32,7.691
21.34,8.801
21.36,8.609
21.38,4.507
21.4,5.379
21.42,0.366
21.44,-6.37
21.46,-7.911
21.48,-5.692
21.5,-1.085
21.52,-4.998
21.54,-7.106
21.56,-1.565
21.58,-0.98
21.6,0.344
21.62,10.075
21.64,9.191
21.66,7.94
21.68,10.666
21.7,6.583
21.72,5.971
21.74,7.105
21.76,4.81
21.78,4.407
21.8,4.483
21.82,1.916
21.84,-0.791
21.86,-0.076
21.88,2.309
21.9,-1.172
21.92,-6.269
21.94,-1.805
21.96,-0.613
21.98,0.024
22,3.678
22.02,-0.457
22.04,-1.433
22.06,-0.728
22.08,-2.625
22.1,-1.37
22.12,2.039
22.14,6.504
22.16,2.343
22.18,-2.137
22.2,-1.479
22.22,-0.452
22.24,4.564
22.26,6.576
22.28,2.362
22.3,-1.223
22.32,3.086
22.34,4.051
22.36,4.481
22.38,5.189
22.4,2.114
22.42,-1.404
22.44,-6.652
22.46,-7.549
22.48,-4.077
22.5,-1.641
22.52,-1.589
22.54,-3.351
22.56,1.668
22.58,6.126
22.6,1.053
22.62,-0.792
22.64,-0.193
22.66,0.182
22.68,1.469
22.7,0.736
22.72,-2.842
22.74,-2.005
22.76,-0.449
22.78,-1.311
22.8,0.565
22.82,4.348
22.84,-1.05
22.86,-7.734
22.88,-3.82
22.9,-4.224
22.92,-4.977
22.94,-3.184
22.96,-1.054
22.98,-2.771
23,-6.109
23.02,-7.172
23.04,-7.89
23.06,-0.485
23.08,2.608
23.1,-2.55
23.12,-1.786
23.14,3.219
23.16,2.128
23.18,-1.76
23.2,-6.063
23.22,-8.266
23.24,-6.611
23.26,-7.318
23.28,-7.294
23.3,-5.975
23.32,-2.745
23.34,-1.48
23.36,-1.217
23.38,-2.027
23.4,-3.778
23.42,-0.786
23.44,1.326
23.46,-1.132
23.48,-5.299
23.5,-3.818
23.52,1.471
23.54,2.608
23.56,-0.246
23.58,2.646
23.6,4.561
23.62,1.271
23.64,2.201
23.66,4.599
23.68,5.769
23.7,1.443
23.72,-3.404
23.74,-3.044
23.76,-2.007
23.78,-3.482
23.8,-5.299
23.82,-3.252
23.84,-1.254
23.86,0.046
23.88,-1.049
23.9,-2.705
23.92,-0.783
23.94,3.516
23.96,5.713
23.98,2.035
24,0.428
24.02,0.131
24.04,0.833
24.06,1.64
24.08,1.534
24.1,3.379
24.12,2.459
24.14,3.779
24.16,8.411
24.18,7.822
24.2,4.692
24.22,2.75
24.24,-0.129
24.26,-0.143
24.28,0.406
24.3,1.11
24.32,0.735
24.34,0.545
24.36,1.609
24.38,0.76
24.4,1.72
24.42,3.436
24.44,2.904
24.46,3.854
24.48,6.182
24.5,6.483
24.52,3.2
24.54,-0.884
24.56,-3.04
24.58,-5.274
24.6,-3.372
24.62,-3.219
24.64,-3.758
24.66,-1.065
24.68,3.4
24.7,7.462
24.72,6.948
24.74,6.261
24.76,6.229
24.78,5.153
24.8,1.998
24.82,0.288
24.84,-0.038
24.86,-2.388
24.88,-3.344
24.9,-0.829
24.92,-1.271
24.94,-1.741
24.96,0.356
24.98,-1.577
25,-2.967
25.02,-3.516
25.04,-5.494
25.06,-2.101
25.08,-0.992
25.1,-3.474
25.12,-3.747
25.14,-2.861
25.16,-2.151
25.18,-2.866
25.2,-5.109
25.22,-4.774
25.24,0.242
25.26,2.453
25.28,1.865
25.3,3.25
25.32,5.317
25.34,2.025
25.36,-0.566
25.38,-0.471
25.4,-0.799
25.42,-1.095
25.44,-1.275
25.46,-5.332
25.48,-4.758
25.5,-0.492
25.52,-1.154
25.54,-0.501
25.56,-1.993
25.58,-1.856
25.6,0.186
25.62,3.922
25.64,3.869
25.66,1.154
25.68,3.597
25.7,2.16
25.72,-1.244
25.74,-0.688
25.76,-2.222
25.78,-6.015
25.8,-3.718
25.82,-0.724
25.84,-1.989
25.86,0.694
25.88,6.126
25.9,6.444
25.92,3.197
25.94,1.635
25.96,3.188
25.98,6.351
26,5.672
26.02,0.69
26.04,-2.761
26.06,-0.249
26.08,4.506
26.1,2.555
26.12,-0.795
26.14,0.36
26.16,3.51
26.18,3.452
26.2,-0.456
26.22,0.585
26.24,0.792
26.26,1.881
26.28,3.469
26.3,5.875
26.32,5.667
26.34,1.187
26.36,-1.3
26.38,-1.235
26.4,0.762
26.42,-2.048
26.44,-4.028
26.46,-2.558
26.48,-2.174
26.5,-4.706
26.52,-3.761
26.54,0.416
26.56,-0.525
26.58,-4.374
26.6,-6.751
26.62,-5.333
26.64,-1.433
26.66,-1.27
26.68,-0.707
26.7,-0.233
26.72,0.109
26.74,-0.423
26.76,-1.962
26.78,-1.355
26.8,-1.628
26.82,-1.496
26.84,-2.862
26.86,-4.285
26.88,-3.412
26.9,-3.63
26.92,-2.435
26.94,-0.641
26.96,-1.828
26.98,-2.794
27,-0.575
27.02,2.522
27.04,3.717
27.06,2.851
27.08,1.179
27.1,1.442
27.12,0.76
27.14,2.227
27.16,3.518
27.18,3.176
27.2,1.256
27.22,-1.312
27.24,2.829
27.26,1.896
27.28,-0.305
27.3,0.57
27.32,2.122
27.34,3.132
27.36,3.753
27.38,5.157
27.4,2.355
27.42,1.001
27.44,-1.302
27.46,-1.212
27.48,-0.39
27.5,1.773
27.52,3.291
27.54,2.892
27.56,2.902
27.58,2.118
27.6,0.546
27.62,0.297
27.64,0.822
27.66,0.316
27.68,0.001
27.7,1.228
27.72,3.644
27.74,3.123
27.76,2
27.78,0.961
27.8,-0.579
27.82,-0.737
27.84,-2.238
27.86,-2.381
27.88,-0.447
27.9,0.694
27.92,-0.76
27.94,-1.081
27.96,0.563
27.98,0.131
28,0.613
28.02,0.671
28.04,1.665
28.06,1.338
28.08,-0.553
28.1,-1.698
28.12,-4.483
28.14,-4.453
28.16,-0.659
28.18,-0.551
28.2,-2.475
28.22,-4.577
28.24,-5.456
28.26,-5.128
28.28,-2.818
28.3,-3.635
28.32,-3.563
28.34,-2.659
28.36,-1.856
28.38,-1.96
28.4,-0.794
28.42,-0.201
28.44,-2.142
28.46,-1.062
28.48,-2.399
28.5,-1.373
28.52,0.224
28.54,2.62
28.56,3.086
28.58,2.875
28.6,2.303
28.62,0.896
28.64,-1.701
28.66,-0.785
28.68,-0.003
28.7,1.135
28.72,3.436
28.74,2.657
28.76,2.768
28.78,1.101
28.8,0.255
28.82,-2.337
28.84,-4.948
28.86,-5.125
28.88,-5.585
28.9,-5.353
28.92,-4.788
28.94,-3.9
28.96,-1.01
28.98,1.469
29,3.882
29.02,5.137
29.04,3.739
29.06,3.28
29.08,3.535
29.1,1.752
29.12,1.217
29.14,2.959
29.16,1.598
29.18,-0.253
29.2,-0.345
29.22,-1.662
29.24,-1.676
29.26,-2.065
29.28,-1.981
29.3,-0.68
29.32,0.615
29.34,0.341
29.36,2.09
29.38,3.885
29.4,3.104
29.42,1.671
29.44,-0.545
29.46,1.716
29.48,3.175
29.5,3.659
29.52,3.004
29.54,2.538
29.56,0.752
29.58,0.466
29.6,2.144
29.62,1.064
29.64,-0.451
29.66,-1.09
29.68,-0.88
29.7,-0.733
29.72,1.556
29.74,1.111
29.76,1.323
29.78,2.926
29.8,2.848
29.82,2.593
29.84,2.701
29.86,2.55
29.88,0.014
29.9,-0.019
29.92,0.26
29.94,-0.129
29.96,0.039
29.98,-0.406
30,-0.041
30.02,-0.063
30.04,0
30.06,1.305
30.08,0.887
30.1,-0.01
30.12,-0.144
30.14,0.75
30.16,0.704
30.18,-0.136
30.2,0.55
30.22,1.843
30.24,3.03
30.26,3.042
30.28,2.6
30.3,2.312
30.32,0.113
30.34,0.164
30.36,2.128
30.38,2.157
30.4,0.637
30.42,-0.334
30.44,-2.403
30.46,-4.958
30.48,-4.226
30.5,-3.532
30.52,-4.269
30.54,-5.028
30.56,-4.051
30.58,-2.641
30.6,-1.936
30.62,-3.374
30.64,-2.372
30.66,-1.461
30.68,-2.073
30.7,-2.567
30.72,-3.15
30.74,-0.918
30.76,0.173
30.78,0.874
30.8,-0.836
30.82,-1.559
30.84,-2.402
30.86,-2.318
30.88,-1.179
30.9,-3.156
30.92,-2.301
30.94,-2.892
30.96,-2.46
30.98,-1.01
31,-1.244
31.02,-1.232
31.04,-0.093
31.06,0.685
31.08,-0.868
31.1,-0.64
31.12,-2.325
31.14,-1.329
31.16,-0.77
31.18,-4.034
31.2,-5.625
31.22,-4.003
31.24,-0.353
31.26,1.766
31.28,1.515
31.3,1.091
31.32,3.285
31.34,3.472
31.36,1.775
31.38,-0.557
31.4,-0.688
31.42,-0.664
31.44,-1.282
31.46,-1.341
31.48,-1.555
31.5,-0.188
31.52,1.321
31.54,2.28
31.56,2.319
31.58,3.736
31.6,4.922
31.62,2.98
31.64,1.648
31.66,1.418
31.68,1.543
31.7,0.176
31.72,-0.568
31.74,0.058
31.76,-0.503
31.78,-1.576
31.8,-3.089
31.82,-3.423
31.84,-3.394
31.86,-1.15
31.88,-1.165
31.9,-0.869
31.92,-0.652
31.94,-0.907
31.96,-1.629
31.98,-2.453
32,-1.3
32.02,-0.849
32.04,-0.362
32.06,-1.061
32.08,0.754
32.1,1.893
32.12,3.177
32.14,2.748
32.16,1.415
32.18,1.275
32.2,-0.232
32.22,-0.581
32.24,-1.209
32.26,-0.978
32.28,-1.784
32.3,-1.253
32.32,-0.769
32.34,-0.962
32.36,1.329
32.38,1.337
32.4,0.475
32.42,0.555
32.44,0.628
32.46,0.855
32.48,1.646
32.5,1.914
32.52,0.936
32.54,-0.285
32.56,0.583
32.58,1.395
32.6,1.731
32.62,2.083
32.64,2.749
32.66,2.355
32.68,-0.855
32.7,-1.346
32.72,-1.033
32.74,-1.52
32.76,-1.831
32.78,-0.754
32.8,0.934
32.82,2.491
32.84,4.227
32.86,2.282
32.88,2.486
32.9,3.479
32.92,1.3
32.94,0.831
32.96,1.545
32.98,0.925
33,2.252
33.02,1.612
33.04,0.791
33.06,2.227
33.08,2.503
33.1,1.332
33.12,1.79
33.14,3.14
33.16,2.773
33.18,2.339
33.2,1.188
33.22,2.608
33.24,2.288
33.26,2.523
33.28,0.646
33.3,-0.099
33.32,0.164
33.34,-0.007
33.36,1.639
33.38,2.492
33.4,2.843
33.42,1.212
33.44,-1.417
33.46,-2.776
33.48,-4.714
33.5,-5.274
33.52,-2.785
33.54,0.189
33.56,-0.55
33.58,-0.94
33.6,1.954
33.62,2.794
33.64,2.629
33.66,0.532
33.68,0.175
33.7,-0.274
33.72,-2.255
33.74,-2.874
33.76,-2.287
33.78,-1.893
33.8,-0.997
33.82,-0.805
33.84,-2.32
33.86,-1.228
33.88,-1.499
33.9,-3.705
33.92,-3.697
33.94,-2.639
33.96,-2.854
33.98,-2.242
34,-1.9
34.02,-2.91
34.04,-2.044
34.06,-0.995
34.08,-0.205
34.1,-0.516
34.12,-2.286
34.14,-2.583
34.16,-0.481
34.18,-2.011
34.2,-2.075
34.22,-0.253
34.24,-0.029
34.26,0.935
34.28,1.261
34.3,1.255
34.32,2.576
34.34,2
34.36,0.153
34.38,-0.737
34.4,-1.883
34.42,-2.293
34.44,-3.122
34.46,-3.318
34.48,-1.979
34.5,0.079
34.52,1.073
34.54,2.22
34.56,2.273
34.58,2.137
34.6,2.345
34.62,1.216
34.64,-0.775
34.66,0.145
34.68,1.567
34.7,1.339
34.72,-0.095
34.74,1.066
34.76,2.404
34.78,1.875
34.8,1.674
34.82,2.278
34.84,3.668
34.86,3.102
34.88,2.62
34.9,2.463
34.92,1.313
34.94,-0.522
34.96,-1.123
34.98,-3.008
35,-1.639
35.02,1.118
35.04,0.412
35.06,0.2
35.08,1.121
35.1,2.454
35.12,0.445
35.14,-0.229
35.16,-0.357
35.18,0.347
35.2,2.142
35.22,2.001
35.24,1.771
35.26,0.514
35.28,1.308
35.3,2.17
35.32,2.102
35.34,2.384
35.36,0.959
35.38,-0.229
35.4,0.182
35.42,1.062
35.44,1.589
35.46,2.044
35.48,1.868
35.5,2.129
35.52,0.041
35.54,-0.335
35.56,-0.466
35.58,-2.011
35.6,-3.071
35.62,-3.089
35.64,-1.175
35.66,-0.322
35.68,1.739
35.7,0.841
35.72,0.197
35.74,-0.499
35.76,-1.172
35.78,-0.995
35.8,-1.939
35.82,-2.682
35.84,-2.687
35.86,-0.505
35.88,-0.835
35.9,0.617
35.92,0.239
35.94,-1.133
35.96,-1.237
35.98,-1.69
36,-1.54
36.02,-3.791
36.04,-3.544
36.06,-1.446
36.08,-1.546
36.1,-2.264
36.12,-1.872
36.14,0.173
36.16,0.034
36.18,-1.578
36.2,-1.086
36.22,-1.744
36.24,0.081
36.26,-0.111
36.28,-1.357
36.3,-1.805
36.32,-0.896
36.34,-1.364
36.36,-0.82
36.38,1.276
36.4,1.493
36.42,0.625
36.44,-0.458
36.46,1.547
36.48,0.982
36.5,1.924
36.52,1.941
36.54,0.95
36.56,1.176
36.58,1.045
36.6,1.628
36.62,-0.601
36.64,-0.724
36.66,-0.03
36.68,-0.791
36.7,-0.336
36.72,-0.415
36.74,0.516
36.76,1.299
36.78,0.994
36.8,0.747
36.82,1.185
36.84,-0.561
36.86,-1.2
36.88,-1.579
36.9,-0.599
36.92,-1.091
36.94,-1.394
36.96,-1.476
36.98,-0.968
37,1.208
37.02,1.376
37.04,2.629
37.06,2.032
37.08,1.512
37.1,1.846
37.12,1.28
37.14,1.716
37.16,1.102
37.18,1.269
37.2,1.009
37.22,0.835
37.24,0.86
37.26,0.209
37.28,-0.218
37.3,-0.852
37.32,-0.428
37.34,-1.212
37.36,-0.589
37.38,-1.084
37.4,-1.204
37.42,0.157
37.44,1.37
37.46,0.075
37.48,-1.568
37.5,0.745
37.52,1.167
37.54,1.11
37.56,1.687
37.58,1.236
37.6,0.412
37.62,-0.659
37.64,-0.242
37.66,0.12
37.68,0.267
37.7,-0.271
37.72,-1.048
37.74,-0.997
37.76,-0.988
37.78,-1.337
37.8,-0.766
37.82,-0.757
37.84,-0.896
37.86,-0.994
37.88,0.353
37.9,1.402
37.92,1.079
37.94,1.405
37.96,0.625
37.98,-0.012
38,0.428
38.02,-0.239
38.04,0.595
38.06,-0.346
38.08,-1.461
38.1,-1.528
38.12,-1.981
38.14,-1.434
38.16,-1.626
38.18,-1.335
38.2,-3.133
38.22,-4.268
38.24,-3.359
38.26,-2.438
38.28,-4.008
38.3,-3.316
38.32,-2.147
38.34,-1.517
38.36,-1.193
38.38,-1.492
38.4,-1.144
38.42,-1.343
38.44,-1.494
38.46,-1.35
38.48,-1.571
38.5,-0.83
38.52,1.167
38.54,-0.898
38.56,-1.283
38.58,-1.281
38.6,-1.395
38.62,-2.955
38.64,-2.239
38.66,-1.085
38.68,-1.182
38.7,-0.448
38.72,-0.056
38.74,1.67
38.76,-0.376
38.78,-1.549
38.8,-2.074
38.82,-1.598
38.84,-0.6
38.86,-0.946
38.88,-1.352
38.9,-1.514
38.92,1.717
38.94,2.973
38.96,0.875
38.98,2.011
39,3.458
39.02,1.522
39.04,1.001
39.06,0.622
39.08,1.232
39.1,-0.192
39.12,-0.493
39.14,1.239
39.16,-0.441
39.18,-0.088
39.2,2.32
39.22,3.369
39.24,3.012
39.26,3.32
39.28,3.626
39.3,4.088
39.32,3.407
39.34,2.651
39.36,2.582
39.38,2.158
39.4,1.669
39.42,0.267
39.44,-0.035
39.46,0.118
39.48,-0.153
39.5,0.604
39.52,0.24
39.54,-0.236
39.56,0.128
39.58,0.004
39.6,1.664
39.62,1.37
39.64,1.83
39.66,2.738
39.68,0.709
39.7,-0.193
39.72,-0.115
39.74,-0.727
39.76,-0.285
39.78,-0.158
39.8,0.287
39.82,-1.19
39.84,-1.18
39.86,-0.199
39.88,-0.73
39.9,-0.305
39.92,0.143
39.94,-0.155
39.96,0.246
39.98,1.217
